90	澳洲牛奶公司
10577	勝香園
18220	時新快餐店
2020	文華餅店
38796	Patisserie Tony Wong
11293	金華冰廳
21002	鼎泰豐
47358	宜家家居餐廳及咖啡室
8103	宜家家居餐廳及咖啡室
41467	華星冰室
3953	維記咖啡粉麵
1868	蓮香樓
1441	清真牛肉館
52892	一風堂
109717	盛八食堂
108457	屋子咖啡
109024	WIRED CAFE
48338	豚王
11321	好時沙嗲
1754	公和荳品廠
31507	蓮香居
11442	阿鴻小吃
30806	添好運點心專門店
1618	九記牛腩
47591	Crumbs
26033	Applegreen
1966	陸羽茶室
11211	奇趣餅家
14641	Caprice
2868	香港洲際酒店大堂酒廊
75425	豚王
12152	華姐清湯腩
111644	La Pizzetta
112808	Ocean Blue
109822	美心香港地
3666	雅苑座
31292	PizzaExpress
10100	嘉樂冰廳
2021	文華扒房+ 酒吧
51055	The Market
6952	大榮華酒樓
9942	金滿庭京川滬菜館
67634	一風堂
14867	Cova Ristorante & Caffe
911	吉地士
61	Amaroni's Little Italy
8772	恆香老餅家
47743	丼丼屋
50643	Grand Hyatt Steakhouse
111588	Sawasdelight
109472	西貢越南真味
107097	西川重慶雞煲專門店
7918	陳根記
1874	老趙越南餐廳
30855	松記糖水
49981	土司工坊
18758	翡翠拉麵小籠包
1506	香港JW萬豪酒店大堂酒廊
41267	MOS Burger
10480	SPOON by Alain Ducasse
26226	翡翠拉麵小籠包
49775	牛角日本燒肉專門店
50092	牛涮鍋
1632	佳記甜品
4171	裕記大飯店
49333	牛角日本燒肉專門店
10259	譚魚頭火鍋
46314	鴻記極品雞蛋仔
48867	牛陣
49032	盛八食堂
15419	民聲冰室
25278	Pepper Lunch
